restaurant_name,category,business_hours,tags,restaurant_info,restaurant_facility,restaurant_introduction,total_reviews,overall_rating,menu_info,all_reviews,review_match
흥부네정식,한정식,월~토11:30 ~ 15:00,"#점심식사, #점심특선, #한식뷔페, #혼밥, #혼술, 더보기",정보 없음,정보 없음,정보 없음,5,4.6점,"명: 명:김치찌개, 가격: 정보 없음 | 명: 명:동태찌개, 가격: 정보 없음 | 명: 명:오전, 가격: 정보 없음 | 명: 명:김치전, 가격: 정보 없음 | 명: 명:우동, 가격: 정보 없음","2023.09.26.: 반찬은 다 맛있었습니다  제주물가가 너무비싸서  반찬가짓수가  별료없었구요  생선구이같은것도없었어요 특히 국이 끓인건지 아닌지 모를정도로  어묵이 생것 같았습니다  점심뷔페집이지만 친절하진 않으셨습니다 | 2023.08.10.: 쉬는날 간혹 점심시간에 혼밥혼술하러 가는데 전혀 눈치도 안주시고 일단 맘편히 먹고싶은거 떠먹을수 있어서 좋았어여~요새 같은날엔 시원한 냉국도 나오고뜨거운 찌개(?)같은 국은 기본으로 밥이랑  항상나오는듯했어여 ㅋ좋아욤   개취지만 저는 쵝오 ㅋ | 2023.04.27.:  | 2023.04.12.: 정말 맛있어요!!사장님이 정말 부지런하게 준비하시고 맛깔나게 만들어요강 추입니다!!!점심식사, 점심특선, 한식뷔페 좋아요~^^ | 2021.09.24.: 8천원 정식에 반찬하나하나 다 맛있었어요!!",일치
비비큐남녕고점,BBQ,월~금14:00 ~ 02:00,정보 없음,정보 없음,정보 없음,정보 없음,7,3.3점,"명:메뉴판, 가격: 20,000",2024.08.14.: 평균 별점 5점이 왜 아닌지 이해가 안 되네요 ;;진짜 다 친절하고 축구하는 날 티비도 커서보기 너무 편하고치킨도 금방 나오고 다른 bbq점보다훨 안 물리고 맛있는데.. | 2024.06.24.: 담배 핀 후 씻지도 않고바로 주방 일하심 | 2024.03.05.: 맛있어요 양도 많고 친절하고!!! 또 시켜먹겠습니다 감사합니다!!! 사장님 최고!!! | 2023.08.21.: 양 이 정도면 튀기다말고 빼먹는 거 아님? | 2023.06.11.:  | 2023.05.03.: 포장주문 했는데 오버쿡 되었다고 다시 튀겨주시고 오버쿡 된 치킨까지 서비스로 주셨어요! 사장님 너무 친절하시고 앞으로 비비큐는 남녕점에서 먹을게요 ㅎㅎ | 2023.04.23.: 동네에 새로 개업해서 주문했는데  앞으론 남녕고점에서 주문하려구요 사장님도 친절 맛도good후라이드 맛있어요,일치
김녕미항,회,"월,수,목,금,토,일10:00 ~ 20:00","#노포, #혼밥, 더보기",정보 없음,"WIFI, 동물출입, 주차",정보 없음,59,4.5점,"명:추천모살광어 회덮밥, 가격: 15,000 | 명:모살광어 회냉면, 가격: 15,000 | 명:모살광어 온국수, 가격: 15,000 | 명:모살광어 따로국수, 가격: 15,000 | 명:회(1인분), 가격: 11,000 | 명:모살광어 회무침, 가격: 16,000 | 명:모살광어죽, 가격: 14,000 | 명:모살광어 물회, 가격: 15,000","2024.09.02.: 광어회덮밥이랑 생선까스 먹었는데 신선하고 맛있어서 가족들이 다 좋아했어요 | 2024.03.20.: 진짜 맛있어요. 생선튀김이랑 회덮밥 맛있게 먹었습니다. 사장님도 넘 친절해요. 꼭 드시러 오세요!! | 2023.12.06.: 그냥저냥 먹을만은 한데 제주도까지 와서 먹을만한 퀄리티는 아닙니다.. 광어는 신선하고 맛있어요! | 2023.10.23.:  | 2023.10.14.: 제대로 된 광어 드실려면 여기 와야 돼요 | 2023.08.25.: 뜻밖에도 생선까스가 진짜 맛있네요 ㅎ 신선한 생선으로 튀겨서 차원이 다릅니다. 국수+생선까스 조합으로 먹으면 밸런스가 아주 좋을 듯 합니다. 회도 맛나요 | 2023.07.30.: 쫄깃한 모살광어의 식감 좋아요 | 2023.07.21.: 여긴 너무 친절하시고 일단 회양도 많고 맛이 있음!물회 회국수 회덮밥 회무침 다 먹어봤는데 다 굿 | 2023.05.29.: 가까운 카페에 있다 저녁먹으러 들어간 곳인데 모살광어가 진짜. . . 진짜 맛있어요! 제주도에 또 온다면 다시 방문하고 싶은곳😎 | 2023.05.23.: 회가 살아있다 | 2023.05.12.: 회덮밥 | 2023.05.07.: 모살광어라서 그런지 회국수가 더욱 맛있었습니다. | 2023.05.01.: 맛있고 친절하시고,,,, 대박입니다 | 2023.04.20.: 우연히 스쿠터여행하다 들어간 곳인데 회국수가 예술!모살광어란 말 첨 들어봤는데 확실히 부드럽고 달아요광어 첫입 먹고 놀랐습니다 국수는 새콤달콤보단참기름맛이 나는 새콤고소한 맛인데 야채도 많고광어가 열점은 넘게 들어있어서 끝까지 알차요사장님도 너무 친절하셔서 기분 좋게 먹고왔네요담에 방문하면 술 한잔 하러 갈게요 :) | 2023.02.17.: 가성비 내리는 맛집어개장은 많이 칼칼합니다 | 2022.11.13.: 여기 비빔회국수랑 겨울철 광어육개장 먹어보세여 ! 진짜 맛있움 !! | 2022.10.12.: 음… 새콤 새콤 새콤합니다. 가게는 깔끔한데, 음식맛이 더 좋았으면 좋겠어요. 비빔국수 광어회 양은 좋았어요. | 2022.10.02.: 주인이 바뀌었다면, 충분히 준비를 해서 영업을 개시해야 하는데, 전혀 준비가 되지 않은 상태에서 손님받을 욕심에 문을 열어서는, 손님을 힘들게 하네. 1시간을 기다려도 회국수가 준비되지 않아 그냥 나온다. | 2022.08.12.: 정갈한 느낌의 식당~깔끔함이 장점 맛도 좋음 허나 일반광어랑 차이는 잘 느껴지지 않음 전문가는 알지도.. | 2022.07.29.: 주문한 음식들 모두 맛있었어요! | 2022.04.26.: 사장님 친절해요~ 음식 맛은 그냥 그래요 | 2022.04.25.:  | 2022.04.22.: 어개장, 회접시, 회덮밥 시켜서 먹었어요. 멍멍이도 환영해주시고 주인 아주머니 친절하셨어요. 어개장 존맛탱..! 바로 앞 바다도 좋고 혼자와서 회먹기도 부담없을거 같슴당. | 2022.03.31.: 참녀네집? 갔다가 들어왔는데 쳐다도 안보는 불친절함에 그냥 나왔다가 찾은 보물같은 집~! 맛은 물론이고 너무 친절하십니다!!!! 존맛! 그리고 광어회가 일품이에요!!! 회덮밥에 회가 정말 많아욧! | 2022.02.24.: 처음엔 우연히 가게되었는데광어회 너무 맛있어요지나갈 때 생각나서 회라도 꼭 포장해가는 집!혼자먹고싶어서 나만 알았으면 하는데 맛있어서 아는 사람들 다 알려주고싶어요 ㅋㅋ | 2021.12.21.: 너무 건강하고 맛있어요 최고에요 | 2021.11.15.: 온국수 좋았지만,  회국수의 회식감,  면의 쫀쫀함도 좋았습니다. 너무 친절하신 사장님  감사드립니다..^^ | 2021.10.31.: 광어맛집. 회국수랑 점심 광어특초밥 먹었어요. 존맛. 친절해서 감사했고요. 2층에 올라가면 모살광어 양식장 볼 수 있다고 해서 먹고 구경갔다왔어요. | 2021.09.03.: 회덮밥 회국수 회냉면 | 2021.09.01.: 사진을 안찍어서 후회되네요... 사장님도 친절하시고 맛도 좋습니다. 냉면이 제일 맛난듯? 초밥도 맛있었어요 ㅎㅎ | 2021.08.27.: 여자친구랑 맛집 알아보다가 방문했어요 :) 너무너무 신선하고 맛있게 먹고 갑니다! | 2021.08.12.: 신선한  플레이쓰~발견~!!신선한 회! 한점 먹어보니..서울에선 이제  못 먹겠어요ㅠ사장님~~책임져욧~!제 회 입맛의 퀄리티를 느므~ 올려주셔서..ㅠㅋㅋ담에 또 또 갈게유~~^^ | 2021.08.11.:  | 2021.07.20.: 회국수,회덮밥 맛있음. 광어죽은 처음이지만 전복죽보다 맛있는듯. 다만 가격이 2천원 정도만 저렴 했으면 정말 좋을듯.. | 2021.07.08.: 다같은 광어가 아니구나 지금까지 내가 먹었던건 무엇????광어라 부르지만 차원이 다른 회입니다싶을정도로 띵하고 머릴 맞은듯한 감칠맛과 자연 제주바다 활어의 탄력과 특허받은 거라던데 귤먹은 광어라서 단맛이 감돌아요넘 순식간에 먹어서 비빔밥으로 후식하는 사진 올려요그만큼 눈도 입도 못떼실겁니다정갈한 상차림과 아담하지만 친절한 사장님도 인상깊어요 제주오면 무조건 오려구요오래오래 장사해주세요 ^^ 잘먹고 갑니다 | 2021.07.04.: 아내의맛에 김현숙씨가 나왔던곳이군요김녕맛집으로 검색해서 긴가민가 했는데~맛있게 먹고갑니다^^ | 2021.07.04.: 여름철 시원한 물회와 비빔국수 너무맛있어서 후기를 안남길수가 없네요 찐맛집인정 | 2021.06.30.:  | 2021.05.28.: 밑에 리플들 보면 여기 하나만 딱 리플 남긴경우도 많고 말투도 비슷하고 작성된 날짜도 몰려있음 이런경우는 그냥 거르시면됩니다 | 2021.05.24.: 회무침이 예술입니다 바로 뒤에 양식장도 볼 수 있고 광어의 신선함에 신뢰가는 집이였습니다. 또 갈겁니다!! | 2021.05.23.: 모살광어 회국수랑 회덮밥 친구랑 시키고 서로 나눠먹어도 양도 좋고 맛은 더욱더 풍부. 날씨도 좋은데 좋은음식 먹으니 기분도업! 멀리서 온 친구 꼭 담에 오자고 ... | 2021.05.22.: 오늘 한끼도 안먹어서 요트타기전에 허기저서 들어갔는데 회국수에 회가 진짜 많아요ㅋㅋㅋㅋㅋㅋㅋㅋㅋㅋㅋㅋㅋㅋ 간단히 먹으러 들어갔는데 그릇이 그냥접신줄 알았는데 크고 깊어서 양이 이렇게 믾은줄 몰랐어요 너무 배불러서 멀미걱정이 되지만 기분좋게 잘먹고 갑니다 | 2021.05.17.: 친구들이랑 주변 볼거리 보러 다니다가 방문하게 되었는데가격에 알맞게 맛도 있고 양도 푸짐해서 만족스럽게 먹고 와서 후기 남기고 가요~!! | 2021.05.17.: 매장부터 음식까지 전체적으로 깔끔하고 가성비가 너무 좋았어요!든든한 한끼식사로 딱~!! 회도 싱싱하고 만족스러웠습니다^^ | 2021.05.13.: 회 한접시 시켜먹었는데 회가 비리지도 않고 맛있었습니다. 회가 너무 맛있어서 회덮밥도 시켜먹었는데 안먹었으면 후회할 뻔 했어요. | 2021.05.13.: 모살광어라고해서 궁금햐서 가본곳이에요! 근데 어쩜 이렇게 맛잇는지~ 분위기도 넘 좋고 서비스도 좋앗어요!! | 2021.05.11.: 카페같은 분위기에서 식사할 수 있어서 좋네요. 특초밥이랑 따로국수 시켜놓고 모살광어 양식장도 구경하고 재미있었어요 | 2021.04.17.: 모살(모래)광어! 무항생제! 키우는 방법이 완전 틀리며, 신선하고 고소하고 쫀득쫀득하고 지금 까지 맛본 광어는 없었던 걸로 하겠습니다! 거기에 광어죽도 어죽중에서 완전 최고였어요! 깜빡하고 사진을 안찍었네요! 강력 추천입니다! 아마 어머님과 따님이 운영하시는 것 같았어요! 보기좋았어요! 우리 부부는 별도로 모살광어회 3인분 포장해서 집에 와서 들들이들이랑 맛있게 먹었습니다! 둘째가 미식가인데 별점 10개랍니당! | 2021.03.07.: 저는 회를 좋아하지 않지만 부모님께서 회를 무쟈게 좋아하셔서 왔어요. 텔레비전에서 친환경 모살광어에 감귤까지 먹였다고 나오기도 해서 기대하고 왔는데, 대박이에요^^♥ 엄청 맛나요^^! 양도 많고! 부모님 매우 만족~ 저는 광어육개장 먹었는데 육개장과 매운탕 합친 맛~ 제주도만 아니면 포장하고 싶었어요 ㅠ | 2021.02.28.: 김녕해안도로 지나는 길에 간판 보고 맛집이라는 느낌이 들어 간단하게 광어회 한접시 시식했는데 정말 쫄깃하고 맛있네요. 식사한지 얼마 안되서 둘이서 회 한접시 시켰다가 회무침도 추가해서 먹었는데 자꾸 생각날것 같아요~~^^ | 2021.02.28.: 아버지와 어머니 모시고 간 맛집에요~ 분위기도 좋고 맛도 최고 ! 모살광어 또 먹고 싶네요 ^^ | 2021.02.28.: 완전 숨겨진 맛집이에요~ 재료도 좋고 맛도 있는데 사장님이 너무 친절해요~! 식사 다 하고 잠깐 주차해두고 올레길 좀 다녀와도 되냐고 물었는데 친절하게 양해도 해주시고 좋은 코스도 소개시켜 주시고 근처에 새로 생긴 카페도 알려주셔서 덕분에 좋은 시간 보냈습니다~~!! 그래도 무엇보다! 도시에서는 먹기 힘든 단단하고 쫄깃한 광어를 이 가격에 먹을 수 있는 게 핵심입니당ㅋㅋㅋ | 2021.02.28.: 사장님도 친절하시고 맛도 먹어본 광어회 중에 최고입니다!너무 좋았어요완전 강추입니다//^^ | 2021.02.10.: 회국수,회덮밥 포장 주문하면서 오이를 빼달라고 부탁드렸는데 둘 다 왕창 넣어주셨네요... 오이 향에 대한 알러지가 있어서 뚜껑 열자마자 그냥 다 버렸습니다. 전화를 드려서 다른 음식으로 바꿀까 했지만 저희 주문이 마지막 횟감이었다는 말이 생각나서 하지 않았습니다. 28,000원 그냥 버렸네요. 음식은 맛을 보지 못해서 뭐라고 평가하기 어렵겠지만 고객에 대한 세심하지 못한 배려에 다신 안 갈 것 같네요. | 2020.12.02.: 어머니와 따님 손맛 장인입니다.. 맛집이에요♥♥ | 2020.11.25.: 친환경 광어라해서 찾아갔는데원래 광어가 이런 맛인가유..?진짜 눈물나게 맛있네여ㅠㅠ 제 인생 맛집 등극 ㅜㅜ서울엔 없는 맛이라는 이유하나로 찾아갈 이유 만땅이라 별 다섯개 드립니다⭐️(그리고 로고가 넘 귀여워요ㅠㅠ) | 2020.11.10.: 맛있어요 | 2020.10.28.: 진짜 맛있어요!!!!! | 2020.08.15.: 쫀득한 회 여기아님 맛볼수 없는 단맛 무 항생제 모레광어래요 사장님도 친절하시고 맛나네요",일치
이돈갓아라점,"돈까스,우동",매일11:00 ~ 21:00,"#제로페이, 더보기","예약가능, 배달가능, 포장가능",주차시설 없음,정보 없음,21,4.6점,"명:히레까스, 가격: 11,000 | 명:새우튀김까스, 가격: 11,000 | 명:돈까스 김치나베, 가격: 11,000 | 명:이돈갓우동, 가격: 6,000 | 명:로스까스, 가격: 10,500 | 명:모듬까스, 가격: 14,000 | 명:이돈갓특정식, 가격: 12,500","2024.06.29.: 여긴 처음 생겼을 때부터 늘 가는 곳. | 2024.03.12.: 우연하게 들린  동네 맛집이네요생선  새우  치즈  모둠 까스 먹었는데바삭하고 너무 맛있네요~ | 2023.11.22.: 내가 제일 싫어하는게 부먹이다. 탕수육이든 돈까스든 샐러드든 싱겁게 먹는걸 좋아하는 사람도 있는데 무식하게 소스 범벅을 해서 나오면 화가난다. 그래서 요즘 중식당은 부먹이라도 무식하게 범벅 안하고 적당히 부어서 나오던데. 암튼 여기 이돈갓은 소스가 테이블에 구비되어 있다. 손님이 기호에 맞게 뿌려먹으면 된다. 너~~~~~~~~무 좋다. 근처에 소스 범벅으로 나오는 돈까스집 두군데는 없어졌다. 이돈갓 코로나 때는 단축영업하고 임시휴업하고 해서 장사 접으시는줄 알았는데 계속 오래오래 하시면 좋겟다. 여기가 마음에 들어서 다른 지점도 한번 가봐야겠다. | 2023.11.07.:  | 2023.07.13.: 맛있고, 양 많고, 가격 저렴하고, 식당 깨끗하고 사장님도 친절하세요. 아이랑 같이 가면 미리 말씀 안 드려도 아이용 식기와 돈까스 자를 가위 집게까지 항상 먼저 챙겨주세요. 제 기준에서는 외식할때 고려하는 거의 모든 면이 충족되는 좋은 식당입니다. | 2023.03.21.: 배달 시켜서 자주 찾는 집인데 맛도 가성비도 최고인듯~ | 2022.09.14.: 마시써요..!! | 2021.12.11.: 돈가스집중 가성비 최고인둣요~ | 2021.11.01.: 느끼해요ㅠ | 2021.10.16.:  | 2021.06.26.: 제주시 아라동에 있는 돈가스전문식당으로 괜찮았습니다. 뒷편에 무료공영주차장도 있어서 주차하기엔 힘들지 않습니다. 2층이고 간판이 조금 작은편이라 눈에 잘 안보였다는.  이돈갓 돈가스정식 시켰는데 고소하고 바삭해서 좋았습니다. 느끼하지 않았구요. 애들을 위한 주니어세트도 있어서 애들 있는 가족분들 식사에도 좋겠습니다. | 2021.03.23.: 친절하고 맛이 한결 같이 맛있어요....멀리서 포장까지해다 먹어도 맛있어요.. | 2020.07.20.: 제주도에서 이런 서비스 처음입니다 너무너무 친절하세요 그리고 돈까스 튀김 너무 바삭하고 고기 너무 부드러워여 | 2020.07.10.: 돈까스 바삭하고 맛있어요김치나베도 추천이요",일치
우림가든,"육류,고기",매일11:30 ~ 21:00,"#제로페이, 더보기",정보 없음,주차,정보 없음,4,3.3점,"명:흑돼지오겹살 (200g), 가격: 18,000 | 명:오겹살 (200g), 가격: 13,000 | 명:양념갈비 (2대), 가격: 12,000 | 명:두루치기, 가격: 9,000 | 명:정식, 가격: 7,000 | 명:성게국, 가격: 10,000 | 명:해물뚝배기, 가격: 12,000 | 명:물냉면, 가격: 6,000 | 명:비빔냉면, 가격: 6,000","2023.07.20.: 두 번째 방문현장이 근처라 선택사항이 많이 없어 왔어요두루치기 먹었는데,고기 질이 많이 떨어지는 것 같아요입구에 오늘의 정식 메뉴를 붙여놓으시면 참고하고 주문할 것 같아요복날인 줄 모르고 정식 주문 안 하고 두루치기 주문했네요 | 2022.01.31.:  | 2022.01.24.: 별다른 기대 없이 들어간 곳에서 먹었던 두루치기..기대 이상의 만족감을 준 음식이었어요..표선에서 베스트 픽은 아니지만..그래도 재방문 의사는 있음. | 2021.04.16.: ",일치
가파도별미식당,삼계탕,매일11:00 ~ 20:00,"#노포, #아침식사, #전통음식, 더보기",정보 없음,주차,정보 없음,16,4.8점,"명:보말죽삼계탕, 가격: 20,000 | 명:전복죽삼계탕, 가격: 20,000 | 명:보리조베기, 가격: 15,000 | 명:전복죽, 가격: 15,000 | 명:약보말부침개, 가격: 25,000","2024.09.06.: 진하고 맜있는 도민 맛집 | 2024.06.28.: 함스타 검증맛집 5.0/5.0@hamstar_food - 왕복 두시간 짧아요~ | 2023.11.07.: 보말죽삼계탕! 너무 맛있어요 저는 강아지와 함께 여행을 다니는데 혼밥을 할수 있는곳이 많이 없어서 아쉬운편입니다 혼자 보말 삼계탕한그릇으로 몸보신 하고 왔어요 너무 담백하고 맛있어요👍👍표선에 당케올래국수집에 보말칼국수 좋아하는데 여기 딱 그 맛이에요-! 알록달록 예쁜 벽화마을 같이 매장앞 주차공간도 넓고 강아지와 마을산책하기 좋는 곳에 위치해 있어요 비록 음식점 안에 강아지와 함께 방문 은 힘들지만 밥먹는 동안 가을날 창문 빼꼼 열어두고 강아지는 차 안에서 편안하게 각자의 시간 잘 보내다 밥먹고 마을 어귀를 걸으니 기분 또한 좋았습니다😁다음에 또 여행길에 들릴께요-! | 2023.09.06.: 근처 있을때 3번은 갔던집.보말칼국수는 맛이 거기서 거기지만 삼계탕은 여기만 있는듯 맛있음 | 2023.05.11.: 맛있으면 최고다. | 2023.04.21.: 이번 제주여행에서 친구랑 베스트로 꼽은 식당.. 담번에 제주가면 무조건 또 갈꺼에요! 보말삼계탕 말그대로 별미였어요!! | 2022.10.03.: 진짜 맛있어요. 보말 삼계탕 존맛탱 | 2022.07.28.: oo죽삼계탕이라니.. 진짜 별미다..친절하시고 반찬도 알아서 넉넉하게 리필해 주시고음식에 대해 자부심도 느껴지고 그냥 삼계탕과는 확실히 차별성이 있음국물을 잘 안 먹고 건더기만 먹는 1인. 그러나 고사리육개장처럼.. 먹다보니 바닥이 보임 ㅎㅎㅎ | 2022.07.09.: 와아~~ 여기 정말 대박이네요~~ 이제껏 먹은  전복삼계탕 중 최고중의 최고예요~그동안 다녀봤던 유명 삼계탕 맛집들도 좋았지만 우연히 검색해서 기대없이 왔는데~~가끔씩 일부러 찾아와야할 최애맛집이 되'었어요~근데 가격이 많이 올랐네요전복죽삼계탕, 보말죽삼계탕 모두 19,000원으로 인상됐네요..첨에 가격 보고 깜놀했는데..넘 맛있어서 용서할랍니다~~^^다 먹고 비운 삼계탕 그릇이 인증샷입니다 | 2022.06.13.: 여기와서 전복죽삼계탕 안드시면 바보!!ㅋㅋ 찐맛집이여라ㅏㅏㅏ! 리뷰보고 보말보리수제비 먹으러왔는데 이제 수제비는 판매안하신데요!만원짜리음식 보고왔다가 18000원은 비싼거 같지만 드셔보세요!! 진짜 맛있다구욤!!여자혼자 완그릇! 아! 마라도 가파도 가시는분들 여객선 할인권 꼭 받아가세여!!음식안드셔도 드린데욤! 많이들 오셔달래요!!킹왕짱친절하신사장님들! 돈쭐나셨으면!!!♡ | 2022.05.13.: 너무 맛있어요.. | 2022.04.29.: 보리조베기, 보말죽삼계탕, 약보말부침개그리고 찬까지.. 하나같이 다 너무너무 맛있는 곳 | 2022.02.17.: 소울푸드같은 음식.정갈하고 깊은 맛이에요보말보리수제비 강추 | 2021.12.07.: 세월의 흔적이 물씬 풍기는 외관과 달리 물때하나 보이지 않는 수저를 셋팅하면서 부터 찐제주 주인분들의 청결함을 느끼며 음식을 기다림. 삼계탕 우리에게 익숙하지만 보말의 시원하고 진한 국물이 개성있고 일품임. 수제비는 보리로 반죽해 떡처럼 쫜득쫜득하고 육수는 진하게 우려 시원하고 건강해지는 기분. 제주도에 와서 왠 삼계탕이야 했는데 다른 유명한곳들보다 더욱더 만족스럽고 든든하게 먹은 곳. 포장까지해 온 곳. | 2021.05.12.: 맛있었어요근데 이천원씩 올랐더라구요 맛은 있는데 값이 좀 비싼것 같아요",일치
용담밭담,한식,"월,수,목,금,토,일10:00 ~ 21:00","#안심식당, #가족모임, #이동약자접근, #점심식사, #친목모임, 더보기","예약가능, 배달불가, 포장불가","WIFI, 동물출입, 주차, 휠체어사용, 놀이방시설 없음, 흡연실시설 없음",정보 없음,216,4.6점,"명:옥돔정식, 가격: 20,000 | 명:갈치조림정식+옥돔, 가격: 28,000 | 명:고등어조림정식+옥돔, 가격: 25,000 | 명:흑돼지두루치기정식+옥돔, 가격: 25,000 | 명:황게간장게장정식, 가격: 25,000","2024.09.24.:  | 2024.08.08.: @@@맛집도 아닌데 200개 가까운 리뷰에 비슷한날 만점 리뷰..? 광고입니다 가지마셔요ㅠㅠ도민 둘이서 옥돔정식 2인 먹었는데, 반찬과 가짓수가 딱 동네 8천원 정식집 비슷하거나 못합니다.. 밑반찬은 된장고추무침, 차가운 냉동 고구마크로켓 2개, 무채, 오이지, 작은 간장게장과 국 기억나는건 이게 전부입니다.돔베고기랍시고 같이 나오는 고기도 수육이아니라 작은 족발같아요. 털 박힌게 그대로 보이는 비계덩어리 몇점은 차갑고 뻑뻑했습니다이게 인당 2만원이라니.. 돈아까워서 다신 안가려구요 동네 정식집이 낫네요리뷰 조작하면서 떳떳하게 장사할 생각 하는 마인드가 참 괘씸하네요 ^^ㅋ | 2024.07.21.: 가게가 커서 단체예약을 받기는 좋지만 음식은 아쉽다. 메인인 옥돔은 원래도 씨알이 작고 바짝 말라서 발라먹기 힘들고 먹을 것도 없었다. 돔베고기도 비계와 살이 불규칙하게 섞여있어서 자투리 고기 같은 비주얼이었다. 간장게장도 씨알이 작고 비린 편이었다. 전체적으로 간이 짜서 밥이 모자랐다. | 2024.06.30.: 직원들 넘 불친절에 20,000 장식치공 넘 부실 차라리 해장국집 갈껄  리뷰 작업 하나 봐요 | 2024.03.12.: 광고할거면 제대로된 음식팔면서 광고를 내던가하나같이 다 맛없어서 젓가락질을 어따할지 헤멨네요..회도 맛없고 다 맛이없어요…여름이였는데 에어컨도 제대로 안켜주고 직원들도 불친절합니다진상짓 1도 안했는데 그냥 표정이 띠꺼운표정이랄까..상견례 자리로 괜찮다고 들어서 예약하고 갔는데 드릅게 맛없는 음식 내었네요 인원수도 많아서 70만원 나왔는데..이건 뭐 기분도 더럽고 쌩돈 날리고 입맛떨어지고 가지가지~ | 2024.02.11.:  | 2023.03.29.:  | 2023.03.22.: 단체식당임 이걸맛집이라고 ㅡㅡ...아래 리뷰 다 조작임.. | 2022.10.27.: 밥만 맛있어요 | 2022.10.25.: 조작하는 가게 체크용 | 2022.09.09.: 찐맛집!!엄청 푸짐해요~ | 2022.09.09.: 잘 먹고 갑니다~^^ | 2022.08.14.: 정말맛있습니다ㅎ 사장님~직원분들도 친절하시구요~제주갈치조림 환상입니다^-^또 생각날것같네여😁점심식사 굿ㅎㅎ | 2022.08.04.: 반찬도 푸짐 하고 맛있어요. 특히 옥돔구이가 바삭하고 고소하네요. | 2022.07.31.: 밑반찬도 맛있고 갈치조림도 완전 맛있게 먹을 수 있었어요! | 2022.07.22.: 맛있게 잘 먹었습니다. | 2022.06.26.: 옥돔구이가 너무 맛나요 간도 슴슴하고 기본 밑반찬이 푸짐하고 좋네요 !! 추천드립니다 | 2022.06.14.: 리뷰 광고 | 2022.06.03.: 정말 맛있어여!!!! | 2022.06.01.: 너무 맛있어용 !̆̈ | 2022.06.01.: 맛있어요 ~~ | 2022.05.27.: 너무 맛있게 잘 먹고 갑니다. 음식.다 맛있어요 | 2022.05.20.: 음식 너무 맛있습니다!!남기기가 싫어요!강추 | 2022.05.20.: 솥밥, 성게미역국까지 나오면서 2만원 옥돔정식에 나오는 음식이 너무 많아서 좋아요!! 부모님이랑 또 오고싶어요!! | 2022.05.15.: 음식도 좋고 조용히 먹기에 좋았습니다 애기들 먹을 음식도 있고 좋았어요 | 2022.05.15.: 해녀상으로 4인 식사 했습니다. 제주도 물가 비싼걸 고려하면 만족스런 식사였습니다. 회도 신선하고 간장게장이 하나도 비리지 않고 맛있었는데요.부모님을 모시고 왔는데 돌솥밥이 너무 맛있다 하셨습니다. 추천해요 | 2022.05.13.: 절때 비추입니다.뷔페 남은 음식 나오는것도아니고돈 20만원 내고 맛없게 기분더럽게 나왔습니다바이럴마케팅에 속아서 가시는분 절때 없었으면 합니다: | 2022.05.13.: 룸으로 되어있어서 편하게 먹었습니다 | 2022.05.08.: 2인분 완전 푸짐하고 맛있고 무엇보다 반려동물 동반이라 너무 좋았어요 ㅎㅎ~! | 2022.05.07.: 애월에서 맛집 한정식 집을 찾던 중 용담밭담에 오게 되어. 해녀 정식을 먹었는데 가격이 정말 하나도 아깝지 않았어요!! 오히려 가격에 비해 퀼리티가 최고! 음식들을 정말 예쁘게 담아주시고 맛도 좋고 양도 많아서 배 터지게 먹었습니다 :) 그리고 식당분들이 다들 너무 친절하세요~! 번창하세요!!ㅎㅎ | 2022.05.07.: 저는 원래 간장게장을 비려서 못먹는데여기는 간장게장이 하나도 안비려서 다먹었어요참고로 저는 미역도 비려서 못먹는데요^^전부다 젓가락이 갈장도로 맛있음 강추강추!!! | 2022.05.06.: 제주공항근처에다가 반려동물 동반도 가능해서 넘 좋았어용 ㅠㅠ 맛도 있어요 물론!! | 2022.04.24.: 재방문의사 100%!! 대접하면 좋은 소리 들을 곳 이네요. 다담주에 남친이랑 또 놀러오는데 여기 데려올거에요. 제주도 갈치조림 파는곳 엄청 많잖아요 그중에 단언컨데 최고에요! 갈치튀김도 너무 맛있고 게장 크기도 게장만으로도 밥한공기.. 회 전복 다 맛있어요 엄마랑 효도여행 왔는데 엄마가 정말 너무너무 좋아했습니다 어른들 입맛에도 엄청 잘맞았고 20대 입맛인 저에게도 최고였어요 열심히 검색해서 오길 잘 했네요 :) | 2022.04.24.: 와이프랑 일보러 왔다가 근처 맛집 검색해서 왔는데 깜짝 놀랐네요. 돼지고기 양도 많고 밑반찬이 정갈하고 맛있어서 좋았습니다. | 2022.04.18.: 강아지 동반 가능한 식당 찾다가 오게 되었는데 큰 기대 안했는데 맛도 구성도 너무 좋고 무엇보다 공간이 분리 되어있어편하게 먹었어요 | 2022.04.18.: 모든 음식이 너무 맛있었고 푸짐하고 신선해서 좋았습니다~^^  적극 추천합니다. | 2022.04.17.: 너무 맛있어서 한시간 달려 왔어요ㅠㅠ너무맛있어요 | 2022.04.17.: 잘먹엇습니다아^^ 맛잇네요 | 2022.04.15.: 반찬과 메인요리가 전부맛있습니다.옥돔정식을 이만원에 먹었는데 가격대비 너무잘나오네요. | 2022.04.11.: 직원분도 친철하시고무엇보다 음식이 깔끔하고 맛있네용~~ | 2022.04.09.: 여러 제주 음식을 여행 시간 상 한번에 먹을 수 없을까해서 찾아서 왔는데 음식이 하나같이 다 맛있네요!  보통 이렇게 메뉴가 많으면 뭐 하나는 맛이 없는데 음식 다 퀄리티가 엄청 좋아요:) | 2022.04.04.: 한식 다양하게 잘 나오고 옥돔도 쫄깃하니 맛있어요게장이 하나도 안비리고 너무 맛있어요 | 2022.03.28.: 저희는 제주 여행 첫날 점심을 용담에서 먹었는데 모든 음식이 너무 맛있었요. 글고 게장이 특히 맛났어요 | 2022.03.27.: 정말 맛나요.다시 올께요.다 싱싱해요.^^ | 2022.03.26.: 갑작스럽게 찾은 음식점인데, 생각보다 너무 맛있었습니다! 다음에도 올 식당 중 하나가 되었습니다! ⭐️⭐️ | 2022.03.21.: 엄마생신 여행으로 들렸던 곳인데 뿌듯했던 곳으로 기억해요!!!깔끔하고 정갈하고 한식탁에 제주도를 전부 담았네요  직원분들도 친절하시고, 주차장도 넓고 룸이 많아서 가족끼리 식사하기에 너무 강추입니다 | 2022.03.12.: 너무 잘먹고갑니다·ᴗ·주차장 시설 너무 좋아요~~ 요즘 주차너무너무 스트레스받는데 편하고 행복하게 먹다갑니다◕‿◕ | 2022.03.08.: 해녀정식 이가격에 이런 싱싱한 해산물을 배터지게 먹을줄은 여긴 무조건 추천맛집입니다. | 2022.03.07.: 해녀정식 푸짐하고 맛좋습니다~ㅎㅎ 가족끼리 여행갈때마다 항상 들리는곳 ㅎ | 2022.03.04.: 대접 받는 기분 이네요~ 조금씩 모든 걸 다 먹어볼수 있어 좋고 조미료맛 나지않고 맛있어요 | 2022.03.04.: 제주도에 거주 중인데 용담정식 먹으러 자주 가요 ㅎㅎㅎㅎ 반찬도 맛있고 사장님도 넘 친절하셔서 좋아요!!! | 2022.03.03.: 맛있고 양도 많아서 행복하게 먹었어요 ㅎ 담에 또올거 | 2022.03.03.: 정식맛있게 먹고갑니다친철함이 몸에 베어있으신거같아요^^ | 2022.03.03.: 여기 앙도 많고 맛도 있고 너우너무 좋아요 저도 친구가추전해서 같는데 너 맛나고 좋아서요 다음에는 여친이랑 꼭올꺼에요 | 2022.02.27.: 왕,, 여기 양도 엄청 많고 갈치조림 진짜 맛있어요ㅠㅠ 회, 돔베고기, 멜튀김, 솥밥 등등 안나오는게 없어요!!! 대박적 | 2022.02.21.: 여기 갈치조림 진짜 맛있어요~~~~~ 먹고 반했습니다!! 해물 뚝배기도 맛있고, 마지막 숭늉까지 최고였어요~~ | 2022.02.19.: 대박맛집~ 음식가짓수가 정말많고, 반찬이 맛갈나서 좋았어요! | 2022.02.10.: 제주해녀정식 푸짐하구 맛이 정갈하고 좋아요! | 2022.02.09.: 제주용담정식 잘 먹고 왔어요~! 정갈한식당이네요! | 2022.02.08.: 음식도 분위기도 고급진 한정식집 입니다~ | 2022.02.03.: 주차공간도 넓고 찾아오기도 쉬워요 ㅎㅎ반찬도 많이주시고 맛있어요 ㅎㅎㅎ | 2022.02.01.: 잘 먹고 갑니다 | 2022.02.01.: 테이블 간격 및 주차장 넓고 반찬 수 다양하며 맛있어요 만족스러웠습니다 매장도 엄청 깔끔해요 | 2022.01.28.: 여기 왜 평점 높은지 이해가 안가네요. 알바들인가ㅡㅡ | 2022.01.21.: 음식이 깔끔하고 맛도 좋아요~~주차자리도 넉넉해서 만족입니다 | 2022.01.20.: 부모님 모시고 가도 좋고 친구랑 가도 좋고 어디든 쉽게 어울리는 한정식 맛집이네여 | 2022.01.20.: 고급지고 깰끔 :) | 2022.01.20.: 솔직히 제주도 다 비싸기만 한줄 알았는데 진짜 맛있고 레알 잘 주시니까 10만원도 비싸지 않았어요 이득본 느낌 ㅋㅋ? 번창하세요! | 2022.01.16.: 성개미역국성개 한개도없슴  반찬도  너무성의없슴 초밥도시들시들  리뷰보고  찻아갔으나  실망이큼백밥돌솥밥도  다른데는  전복밥인데  백밥 도맛이너무없슴. | 2022.01.13.: 반찬들 정말 맛있고  직원분들도 좋으셨어용 ㅎㅎ 용담정식 특히 정말 맛있더라구용 ㅎㅎ 추천드립니당 | 2022.01.11.: 제주용담정식 먹었는데 양도 괜찮고 맛있었어요 ! | 2022.01.10.: 제주용담정식 먹었어요. 깔끔하고 퀄리티 좋은 한정식집이에요~ | 2022.01.06.: 반찬이 많은데도 전부 깔끔하고 맛있어요! 든든 | 2022.01.04.: 제주도 마지막 여행날 온 식당입니당 갈치조림이 먹고싶어서 왔는데 정식에 포함된 음식 모두 너무 맛있었습니다 잘 먹고갑니다 감사합니다 ~! | 2022.01.04.: 제주 용담 정식이 진짜 유명한 이유가 있더라구요 ㅎ | 2021.12.31.: 너무 맛있네요 다음에 또 올께요 | 2021.12.30.: 손안가는 음식없이 다 맛있었어요. | 2021.12.29.: 배고팠는데 너무 맛있게 먹었고 대접받는 기분이 들어서 나중에 부모님모시고 또 오고 싶네요 | 2021.12.28.: 깔끔하고 다양한 반찬이랑 너무 너무 친절하셔서 추천합니다!!! 진짜 제주도에서 맛나게 다양한 음식을 먹을수 있어서 다음에 또 올께요 | 2021.12.28.: 주차장 넓어서 좋고 한정식 가상비 좋은곳 입니다 | 2021.12.27.: 엄마가 한정식 좋아해서 왔는데 푸짐하게 먹고갑니다 | 2021.12.26.: 너무 맛있습니다 푸짐하게 한상 잘 나오네요 특히 솥밥이 너무 찰지고 맛있습니다 반찬들 역시 최고!!! | 2021.12.24.: 사장님도 친절하고 정말 맛있음 | 2021.12.23.: 맛있고 친절한곳 | 2021.12.22.: 여긴 제주용담정식으로 먹어야해요! 남자친구랑 정말 맛있게 먹고 왔습니다~!! | 2021.12.21.: 맛잇고 분위기가 전체적으로 좋아요 | 2021.12.19.: joojak | 2021.12.17.: 직원분들 친절하시고 음식도 너무 맛있어요^^ | 2021.12.17.: 지인추천으로 가족끼리 들른 맛집!!제주용담정식으로 시켜서 아이들과 함께 먹었는데그맛에 폭풍 감동입니다ㅠㅜ아이들도 어찌나 잘먹던지 가격 대비 강추ㅋㅋ식구끼리 잘먹고 왔습니다 | 2021.12.16.: 직원분들도 친절하시고 사이드반찬부터 메인까지 하나도 빠짐 없이 다 맛있어요 ㅎㅎ | 2021.12.15.: 제주용담정식 먹고왓는데 솔직히 관광지 맛집이라해서 별기대안했거든요 근데 첫째로 반찬이 너무 정갈하고 갯수도 많아서 좋았구요 맛은 진짜 보장이구요!부모님들이랑 가시면 정말 좋아하실거같아용! | 2021.12.14.: 후기가 너무 좋길래 방문했어요 ㅎㅎ 제주용담정식으로 시켜먹어봤는데 갈치조림 너무 맛있게 잘먹었어요!! 배 터지게 먹고 가요! | 2021.12.10.: 후기가 너무 좋길래 왔는데 찐으로 맛있고 든든하게 잘 먹었어요 솥밥 먹고싶었는데 제주도 와서 먹으니 더 맛있는.. 갈치조림도 맛있고 광어 방어 다 맛나게 먹다 가요 | 2021.12.10.: 찐맛집 ! 제주용담정식 2인 먹었는데 2인상인데도 상이 가득가득 차더라구요.. 양 진짜 많음 !갈치조림 정말 맛있어서 밥도둑이었구 돔베고기도 존맛탱♥️ | 2021.12.06.: 제주용담식당 찾아보던중 완전 보물 같은 곳 찾아서 넘 넘 좋습니다 :D 스페셜 종식을 먹었는데 진짜 돈이 아깝지 않을 정도로 푸짐하고 맛있었어요. 부모님 모시고 또 오고싶습니다. | 2021.12.03.: 자리로 들어가는 길에 밥 만드는 솥들이 엄청많아서 깜짝 놀랬어요 ㅋㅋ 고민하다가 제주용담정식 먹었는데  갈치조림 회 전복구이 돔베고기 솥밥 등등 한 9가지 였나? 너무많이 나오는 세트 메뉴 였는데 ㅠ 양에 놀라고 맛에 놀라고 ㅋㅋ 너무 맛있게 잘먹었어요 ㅎㅎ  에피타이저로 나오는 호박죽도 완전 쎈스쩜!! | 2021.12.02.: 반찬도 다양하고 푸짐합니다^^직원분들도 너무 친절했고식당도 깔끔해요~~ | 2021.12.02.: ☆내륙에서는 찾기 쉽지않은 한정식 맛집☆ 찬들이 엄청 정갈하고 신선해서 이것저것 골라먹는 재미가 쏠쏠하네요. 직원분들도 너무 친절하시고 쾌적해서 더 좋았어요^^ | 2021.12.01.: 친구가 꼭 가서먹어보라고 강추했어요! 제주용담정식 시켜서 먹었는데 반찬이깔끔하고 다양하고 푸짐해요 왜 추천해준지 알겠더라구요^^ | 2021.11.29.: 제주용담정식 주문했는데 대박이었어요양도 어마어마하고 맛은 두말할거없어요후기보고 가길 너무 잘했어요믿고 먹으러 가는 곳 !! 대만족입니다",불일치
초록오메기떡,"떡,한과",정보 없음,정보 없음,정보 없음,정보 없음,정보 없음,10,5.0점,정보 없음,"2024.08.07.: 굿 | 2024.07.05.: 위생적이고 사장님.친절하십니다 맛은 물론입니다 | 2024.04.01.: 시부모님 선물로 50개짜리 구매했는데 달지도 않고 어르신분들 다 너무 좋아하시네요 가격도 안비싸고 맛있어요 ~~종류 3가지 다 추천입니다 ! | 2024.03.18.: 엄마가 제주도 갔다가 사오셔서 먹어봤는데 너무 달지도 않고 맛있어서 요즘 제 아침은 오메기떡 입니당 저는 흑임자가 제일 맛있었어요 !! 다음번에는 택배로 주문할게용 ㅎㅎ | 2023.05.03.: 싸고 맛나요~~도민맛집이어라~~ | 2023.05.01.: 너무 맛있어요!!!!!!!!!!단거 싫어하는데 너무 달지도 않고원래 팥을 별로 안좋아해서 여기저기서 하나씩 사먹어봐도 별로더라구요 오메기떡 싫어하는줄 알았는데 여기꺼 먹어보고 에~~!!!!! 했어요쑥향이 엄청 진하고 제주도 10년동안 가끔 오면서 먹어본 오메기떡 중에 제일 맛있네요 차 타고 가다가 다시 돌아가서 주변사람들한테 택배로 붙히구 왔어요ㅎㅎ 다들 너무 친절하시고 감사해요 | 2022.03.17.: 사장님 너무 친절하시고 떡도 너무 맛있습니다. | 2022.02.19.: 겉이 으깨진팥고물인 편이고 맛은 달지 않은편이라 좋아요 단거 안좋으면 추천, 그리고 개당 600원이라 좋고 여자사장님?이 전화도 친절 만나서도 엄청 친절해서 기분이 좋았어요공항가기전에 오일장 시장에서 오메기떡 사려고 시장갔는데 떡파는곳이 없어서 검색하다가 근처에 여기가 있길래 전화로 먼저 오메기떡이 있는지 얼만지 물어보고 방문했어요15개 구매했고 종류별로 서비스 주심 포장도 잘해주심 | 2022.01.05.: 흑임자 존맛탱이에요..! 바로 만든 따끈따끈한거 먹었는데 너무 달지도 않고 맛있습니다!̆̎ | 2021.06.16.: ",일치
어음밥집,한식뷔페,월~토11:00 ~ 14:00,"#한식뷔페, #제로페이, 더보기",정보 없음,정보 없음,정보 없음,13,4.9점,"명:추천한식뷔페, 가격: 9,000","2024.07.22.: 지나가는 길에 점심먹으러 찾다가 들어갔는데 엄청 맛있고 뷔페식이라 든든하게 먹었어요👍사람도 생각보다 엄청 많아서 놀랐네요 | 2024.07.19.: 아르떼뮤지엄 근처 점심 먹기 좋은 가성비 식당!음식 퀄리티에 한번 깜짝 놀라고컵라면도 먹을 수 있어 엄청 든든하게 먹기 좋아요😆 | 2024.01.09.: 현금 7500원(카드 8천원)에 맛있는 집밥 먹을 수 있는 곳1월까지만 이곳에서 영업하시고 2월부터는 애월읍 정전리에서 영업하신다고 하네요 | 2023.09.18.: 아르떼뮤지엄 근처 맛집이네요~^^현지 일하시는 분들이 이용하는 한식뷔페맛있어요~^^ | 2023.06.12.: 제주도 맛집이네요 맛있게 잘 먹었습니다 | 2023.03.02.: 맛집. 그 이상의 아늑함 | 2023.02.18.: 뮤지엄 갔다가 배고파서 급하게 찾아왔는데완전 맛있게 잘 먹었습니다.반찬도 막 만든거 주시고, 무채 떨어졌다고 주신 파김치도 대박이고 애들이 생선 안 먹는거 보시고 바로 계란 후라이 부쳐서 하나씩 나눠 주시고인정과 맛이 있는 현지 맛집이네요. | 2022.04.29.: 맛집 입니다 | 2022.04.27.: 아르떼뮤지엄 근처로 찾다가 우연히 발견했는데 친절하시고 너무 좋았어요7000원에 밥, 반찬도 전부 너무 맛있고ㅠ | 2022.03.21.: 가격대비 좋아요~~~ | 2022.03.02.: 맛없게 담은거같지만 뚜벅이로 여행 와서 걷던중에 우연히 찾은 맛집!사장님들 친절하시고 반찬도 다양하게 깔끔하고 맛있어요!추천합니다 | 2022.01.12.: 제주 어음 에서  제일  맛난집  ㅎㅎ | 2022.01.10.: 친절하고 부페식인데 음식이 엄마씩으로 합니다",일치
어진이네물회,회,매일10:00 ~ 20:00,"#안심식당, 더보기",정보 없음,주차시설 없음,정보 없음,64,2.3점,"명:전복물회, 가격: 16,0002인이상 | 명:매운탕, 가격: 13,0002인이상 | 명:자리물회, 가격: 13,000 | 명:자리구이, 가격: 30,000 | 명:옥돔구이, 가격: 35,000","2024.09.28.: 파전 자리물회 몸국먹었습니다. 파전 먹을만함자리물회 뼈가 세고, 지느러미손딜 안되있어서 먹기 힘들었어요몸국 뭔가 비린맛이 나서 애매해서 먹다 멈춤평점이 낮아 더 낮게드리기 죄송해서 3점 드립니다. | 2024.09.23.: 배가 출발못해서 자리물회가 안됐어요 오자마자 반찬이 깔려서 도망칠 수 없었어요 차라리 문에 써놓기라도 하시지 그래서 전복물회를 시켰어요 그냥 그랬어요 | 2024.07.10.: 육지사람입맛은 아니요 | 2024.06.13.: 한치물회 시켰는데 한치는 어디가고 무우만 있나요?물회가 18000원이나 하다니 너무 비싸요!! | 2024.06.11.: 바빠서 그런건지 사장님이 너무 불친절하세요.. 음식 자체가 천천히 나와서 그만큼 웨이팅도 길어져요! 자리 안내도 제대로 안 해주시고 일단 앉아서 보니까 식탁은 더럽고 걸레 냄새가 자꾸 나더라고요. 자리물회랑 한치물회 하나씩 시켜서 먹었는데 자리물회 맛 자체는 괜찮았어요! 근데 한치물회는 거짓말 안 하고 식초나 빙초산 하나도 안 넣고 그냥 먹었는데도 속 쓰린 시큼함🤧 같이 나오는 자리구이도 괜히 찝찝하고 비추입니다😵😵 | 2024.05.05.: 물회는 어지간 하면 실패하기 어려운 메뉴인데최근에 먹은 음식 중 최악이네요.물회=물에 불어터진 회, 비늘도 벗기지 않고 기름에 쩔어서 상한 냄새는 덤인 자리 구이...불쾌하고 다시는 방문하고 싶지 않습니다. | 2024.05.01.: 어진이는 어디가고 주방,서빙아줌마가 다 중국인. 자리물회 맛은 괜찮으나 화장실은 변소수준.비추 | 2023.12.22.: 물회 | 2023.09.12.: 겁나 불친절하고 비싸기만 합니다.. 제주식 된장베이스 자리물회 드시러 오신분들은 '보목동해녀의집'이나 바로 옆 돌하르방 식당가서 드세요.. 그나마 괜찮습니다 | 2023.07.30.: 삼대천왕에 나온명성대로 맛있는 가게네요! | 2023.07.03.: 세꼬시물회는 첨이라 잘 못 먹었어요 일행은 꿀맛으로 먹음 ㅎㅎ | 2023.06.25.:  | 2023.06.10.: 옛날에는 정말로 맛있었는데.. 건물올리더니 맛도 가격도 변했네요..ㅠ | 2023.06.04.: 물회 자극적이지않고 깔끔해서 맛있었어요 | 2023.05.14.: 자기들 입맛데로1인은 안된다2인 이상된다정말 가지마세요 | 2022.12.14.: 이전하기전 어진이네와 이름만같고 다른가게..이름만 산건지... | 2022.11.22.: 지금까지  물회 중  최악..아무 맛을  느낄 수  없음아들도  물회 먹은것중 최악 잇엇음우리  댓글 알바는 하지 마쇼 | 2022.10.01.: 된장 베이스 물회 맛있는데..후기가 왜... | 2022.09.07.: 여름에 물회 단골 집이었는데ㅜㅜ객주리조림 한상차림으로 먹어보니조림도 냉동에 맛도 별루 반찬도 별루물회만 익숙했어요돌솥밥이 아쉽고 아쉬은 차림이네요 | 2022.07.06.: 서빙은 불친절,한치물회13000써있어서 시켰는데 16000원 영수증 찍혀서 물었더니 활한치라고..미리설명도 없이...기분좋게 놀러갔다가 기분만 나빠서왔네요 | 2022.07.03.: 여긴.. 아닙니다...물회 세꼬시라지만 지느러미가 아주 날것그대로고1층은 공사판....밥먹고 오히려 기분이 안좋아지기는 참 쉽지가 않은데... | 2022.06.03.: 별루에요 ㅠㅠ제주물회는 된장베이스라서고추장베이스 찾아서 왔는데별루입니다 ㅠㅠ육지에서 먹은 포항식 물회만 계속 생각납니다여기서 더더욱 못먹겠네요다남김... | 2022.05.22.: 음식 만드는 속도가 늦으니 회전율이 너무 느려요..일요일 점심에 갔다가 웨이팅 40분, 음식나오는데 20분 ㅠㅠ 재방문은 안할 곳..ㅎㅎ 웨이팅할 시간에 쫌 걸어서 다른곳 갈걸 그랬어요. | 2022.04.25.: 설마  하는  추억으로 방문했다  후기가  왜 이러는지확인하고  왔습니다  이건  아닌것 같습니다  가족들  모시고가서  얼굴  화끈거려  안절부절  했습니다  가족들  모임 비추임당 | 2022.03.10.: 요근래 평이 안좋아 보였지만 블로그랑 예전평에 맛있다는 칭찬이 많아서 혹시해서 갔는데 요즘 왜 평이 안좋은지 알겠더라구요.. 정말 기대 없이 갔는데도 실망이었어요. 다른건 모르겠고 물회가 정말… 너무 하신거 아닌가요 지리랑 한치 물회 시켰는데 지리 물회 회가 제대로 썰리지도 않고 다 붙어서 나오고 머리카락까지 같이 나오더라구요…? 먹다가 남겼어요 전복밥만 꾸역꾸역먹고 나왔어요 흑돼지인가 같이 있는걸로 시켰는데 흑돼지가 젤 맛있더라구요^^.. | 2022.02.24.: 알바생 사장님 딸인가요? 왜 안바꾸죠ㅋㅋㅋ 싸가지도 없고 말도 없고 그냥 툭툭 반찬 던지고 가게의 미래를 위해 어서 키작고 안경 안쓰신 알바부터 자르시길. | 2022.01.31.: 생애 첫 리뷰. 설연휴첫날 갔는데 이층전체를 종업원 혼자서 보더라구요 반찬한번 리필하는데 4번을 이야기했습니다. 알바수급이 안되면 연휴에 문을 열지마시지 손님들이 물가지러 가고 적막함과 불편함의 여행중 식사였음. 별1개는 힘들게 혼자 일하는 종업원학생 점수입니다. 참고로 맛은 그냥 제주에서 먹는 전복느낌 아니고 집앞 죽집.. | 2022.01.31.: 5년전 부터 다는 곳이였죠 친절하진 않아도 맛은 좋았습니다 그런데 오늘 가보니 신축으로 되어 있고 메뉴가 엄청 많아졌더군요 전복 솥법 과 한치 물회 주문했는데 역시나 종업원 주인 두분다 친절하지 않았습니다 기대 않했죠 그러나 음식에 기대했는데 예전이랑 맛 전혀 틀리고 제주에서 먹어본 전복 솥밥중 최악이였고 한치물회는 예전보다 아주 못하고 대실망 이였습니다 제주시에서 멀어도 자주 갔었는데 이젠 갈일이 없네요 | 2021.10.24.: 자리물회 여전히 맛나요 아주 옛날에 왔었는데 지금은 건물도 올리고 많이 부자 되셨네요 | 2021.09.23.: 리뷰 잘 안다는 사람인데 첫 리뷰 답니다첫째로 음식 서빙 해주셨는데 밥 공기에 밥풀이 붙어 나와서 입맛이 뚝 떨어졌습니다둘째로 오뎅에 벌레가 붙어서 나오더군요 진짜 밥맛 없어져서 먹던거 멈추고 수저 내려놓고 계산하고 나왔습니다 사장님께 말씀 드려도 별 말씀 없으시더라고요 | 2021.07.05.: 제주시에서 서귀포까지 간 시간이 아까움.....이런집이 맛집이라니.....우리동네 9900원 횟집이 더 깨끗하고 친절하고 더 맛나네요.용인에와서 배워가세요...바다만 멋있음..실망..... | 2021.05.30.: 반찬은 다양하고 좋긴한데특별할 것 없는 맛이에요 | 2021.05.13.: 우움 평타? 물회 맛난곳 많아서 뭐.. 그리고 직원 겁나 불러야 왔음 | 2021.05.07.: 맛집이라 추천받고 갔는데.. 음.. 먼저 직원분이 외국인이시고 한국말을 정말 못하셔서 주문하는것 부터 느낌이 쎄했습니다. 자리물회는 서울에서 제가 먹어본 물회보다 저어엉말 별로였어요 그냥 자리물회 먹어본걸로 만족합니다.. 그리고 전복죽은 절대먹지마세요 그냥.끓인쌀밥에 전복몇덩어리 넣은맛이에요! | 2021.05.07.: 티비 이곳저곳 나왔다고해서 기대했는데 뭐하나 특별한거 없네요특히 전복죽은 전복을 담궜다 뺀물로 만든듯 | 2021.04.18.: 주인이 돈좀 벌엇는지 ....가격은 따블로 올리고맛과 서비스는 따블로 내리고~~~~~~~~~~완존 형편없슴..옛날 맛있었는데...아쉽네요~~~~ㅠㅠ | 2021.02.07.:  | 2020.12.31.: 음식에서 머리카락은 아닌 털 나옴무슨 털인지는 상상에 맡김 | 2020.11.01.: 별 한개도 아깝다제주 여행중 최악으로 맛없는 가게 ㅋㅋㅋ진짜 어이없는게 반찬이다 여기 가면 개호구 되는것임 | 2020.10.19.: 자리물회ᆢ 입맛버리고 갑니다ᆢ | 2020.09.09.: 리뷰보고 불안했는데 맛있어요 | 2020.08.13.: 비추~!불친절~!맛없음~!별 하나도 아까운집~! | 2020.02.20.: 식당에 아이가 이불 깔고 누워서 소리 지르고 직원도 아이한테 소리 지름 불쾌함물회 밑에 얼음 깔아 놓고 양 많은 척 함 맛도 별로 방송까지 탈 정도 아님 | 2020.02.01.: 절대 가지마라 맛도 없고 불친절 까지 쌍으로 느낄수 있는곳이다.",일치
협재볼륨,칵테일바,매일19:00 ~ 02:00,"#LP바, #칵테일바, #혼술, 더보기",정보 없음,정보 없음,정보 없음,3,5.0점,"명:진토닉, 가격: 9,000 | 명:탠커레이넘버텐, 가격: 11,000 | 명:핸드릭스, 가격: 12,000 | 명:마티니, 가격: 11,000 | 명:김령, 가격: 10,000 | 명:네그로니, 가격: 11,000 | 명:스크류드라이버, 가격: 8,000 | 명:갓마더, 가격: 10,000 | 명:블랙러시안, 가격: 10,000 | 명:카미카제, 가격: 10,000 | 명:코스모플리탄, 가격: 10,000 | 명:쿠바리브레, 가격: 10,000 | 명:다이키리, 가격: 10,000 | 명:파우스트, 가격: 12,000 | 명:옥보단, 가격: 9,000 | 명:피치크러쉬, 가격: 10,000 | 명:말리부오렌지, 가격: 9,000 | 명:카시스오렌지, 가격: 9,000 | 명:깔루아밀크, 가격: 9,000 | 명:에스프레소마티, 가격: 12,000 | 명:진피즈, 가격: 10,000 | 명:모히또, 가격: 11,000 | 명:블루사파이어, 가격: 11,000 | 명:준벅, 가격: 10,000 | 명:멜론사워, 가격: 9,000 | 명:섹스온더비치, 가격: 10,000 | 명:데킬라선라이즈, 가격: 9,000 | 명:블루하와이, 가격: 10,000 | 명:마가리타, 가격: 10,000 | 명:롱티, 가격: 11,000 | 명:잭콕, 가격: 10,000 | 명:갓파더, 가격: 12,000 | 명:올드패션드, 가격: 12,000 | 명:맨하튼, 가격: 12,000 | 명:위스키사워, 가격: 12,000 | 명:비앤비, 가격: 15,000","2024.05.24.: 분위기도 엄청 좋고, 사장님 선곡 센스도 멋지네요! 친절하시고, 칵테일도 최고였습니다. 번창하세요~ | 2024.04.01.: 협재볼륨에서 좋은 추억 만들고 갔어요 :) 💕 | 2024.03.08.: 말해뭐해 그냥 오세요",일치
소희네뚝배기식당,한식,매일09:00 ~ 21:00,"#노포, #아침식사, 더보기",정보 없음,주차,정보 없음,26,4.2점,"명:전복죽, 가격: 13,0002인이상 | 명:갈치조림, 가격: 35,0002인이상, 공기밥별도 | 명:우럭매운탕 (소), 가격: 30,000 | 명:돌문어 (소), 가격: 30,000 | 명:전복해물전골 (중), 가격: 50,000 | 명:전복 해물뚝배기, 가격: 15,000","2024.06.25.: 전복 통으로 두 마리에 얼큰한 국물전복해산물뚝배기 짱맛입니다 완그릇. | 2024.06.10.: 많이 알려지지 않은곳이라 웨이팅 할일도 없고 맛도 좋아서 추천입니다. 사장님도 친절하신 편이고 가격도 괜찮아요. 양도 푸짐! | 2024.05.26.: 진짜 개맛있다. 다음에 여자친구 데리고 와서 세트나 돌문어볶음먿어보게따. 추천맛집 | 2023.12.10.: 창밖으로 우도가 보이는 오션뷰의 성산일출봉 맛집 소희네뚝배기식당, 아이와 식사하려고 우연히 들려 돌문어세트(돌문어볶음+한치물회+고등어구이+성게미역국)를 시켰어요 3~4인용인데 저희가 대식가다 보니 너무 맛나서 남김없이 먹어치웠답니다. 한치물회는 제주에서 먹은 물회중 최고! 제철이 아님에도 이런 맛이라면 제철엔 천국의 맛을 보여줄 것 같아요. 돌문어볶음은 부드럽고 매콤한데 소면이랑 비벼먹으니 꿀맛! 고등어구이는 아이도 잘 먹을 만큼 바삭하고 미역국은 성게도 많이 들어있어서 진한맛이 너무 좋네요. 또간집 하고파요 | 2023.10.01.: 두번째 방문인데 돌문어볶음이 최고맛있고 뚝배기 양도 많았어요 다른 창렬 뚝배기집에비하면 혜자임 | 2023.06.18.: 진짜 맛잇게 먹엇는데 아줌마가 진짜 아저씨 바가지 긁는소리 ♪♪♪해서 진짜 너무 듣기싫었음 제발 | 2023.04.09.:  | 2022.10.02.: 별로에요ㅠ | 2022.08.08.: 평일아침이라 그런지 돌문어볶음 안되는가봐용 ㅜㅜ 그래도 시킨 고등어랑 해물뚝배기? 맛있었어요~ 불친절하단 리뷰 많던데 신경쓰이는 정도는 아니던데용? | 2022.05.04.: 해물뚝배기! 도다리물회 먹음! 간판이름 누군지 모르지만...이름에 먹칠함!! 돈아까움!! 블로그글  믿지말고 김밥천국 가세요!! | 2022.04.14.: 고등어 통통하고 신선하고 맛있음해물뚝배기 해물 많고 얼큰함. 조미료 많이 들어간 국물맛은 아님밑반찬 깰끔근데 밥먹규있는데 뒤에 아주머니가 트림하심..ㅠ이건 배려좀 해주셨음 해용~~가격대비 맛있어서 5점 | 2022.04.04.: 크릉.... | 2021.09.11.: 너무 돈 아까웠어요.. | 2021.07.26.: 돌문어볶음에 해물뚝배기 먹었는데 존맛. 돌문어볶음 불맛 오지고 뚝배기는 국물 얼큰하고 재료도 실해요. 동네 주민들 와서 술 드시던데 현지인 맛집인듯. 저도 소주 몇병 비우고 왔습니다. 늦게까지 해서 더 좋아요. 에어컨 빵빵하고 밑반찬까지 맛있음ㅋ | 2021.07.20.: 숙소 근방에 위치해서 편하게 다녀왔고, 전복해물 뚝배기 맛나요~ | 2021.06.25.: 돌문어 볶음 (소) + 성게미역국 조합으로 먹었어요.마지막에 돌문어 남은거에 밥비벼먹었는데 진짜 존맛탱. | 2021.06.21.: 라면? 쏘쏘 (진라면 매운맛) 3점돌문어? 낫밷 (새콤 달콤 매콤) 4점고등어? 존맛 5점평균 4점친절도 별루근데 고등어는 존맛, 기계 뭘쓰시는지 궁금. | 2021.05.25.:  | 2021.05.16.: 고등어구이 미쳤음.. 라면이랑같이드시는거 추천!제주도 와서 세번째 먹음 | 2021.05.09.: 아무생각없이 지나가다가 들어갔는데너무맛있게 먹고 나왔네요!!고등어구이 미쳤어요!!계속생각나네요해물라면도 맛나고밥 2그릇먹고 나왔네요밥은 짱입니다 | 2021.04.27.: 먹는 중인데 진짜 너무 맛있어서 리뷰 씁니다! 성산쪽에서 저녁 식사 고민하신다면 꼭 와보세요~~~현지인 맛집이라 제주토박이 분들이 많은데 정말 정겹고 뭔가 숨은 맛집인 것 같아요. 제주에서 먹음 음식중에 오늘 한 끼가 단연 최곱니당~~ | 2021.02.23.: 외관이 허름하고 간판도 오래되어 보이지만 해물전골과 고등어구이는 신선한 재료를 사용한듯했고 정말 맛있었습니다. | 2020.11.28.: 맛있어요 | 2020.11.19.: 전복해물전골 너무너무 맛있어요~~ | 2020.11.19.: 부모님 모시고 갔는데 해물뚝배기랑 고등어 구이 맛있어요! 고등어 구이 완전 신선하고 진짜 맛있어요 | 2020.09.30.: ",일치
우도우돈,"육류,고기",일요일,"#제로페이, 더보기",정보 없음,정보 없음,정보 없음,11,4.3점,"명:오겹살 (저녁메뉴), 가격: 14,000 | 명:양념갈비 (저녁메뉴), 가격: 14,000 | 명:생목살 (저녁메뉴), 가격: 14,000 | 명:항정살 (저녁메뉴), 가격: 14,000 | 명:LA갈비 (저녁메뉴), 가격: 14,000",2024.05.25.:  | 2023.11.14.: 돼지갈비 삼겹살 오겹살구이 냉면 된장찌개 항정살 제주도 우도 통틀어서 여기가 1등 입니다입구는 그냥 허접 한데  문 열고 들어 오시면  고수 기운 납니다 | 2022.08.21.: 1인분 가격이 쎄긴하지만 양이 많아요(200g 넘는듯)제주 특유 바가지 전혀없습니다숮구이라 맛있구요 고기상태 굿 돼지껍데기도서비스  있습니다  가게는 크진않으나 좌식2군대(8인)나머지는 연탄테이블 같은게 4군대정도우도섬에서  이가격에 이정도면 아주 만족스럽네요섬 딱 중간이라 위치도 좋네요 저녁먹으러 고고씽! | 2022.08.03.:  | 2021.10.04.: 목살보단 오겹살이 맛있었네요. 맛이 특출날 것은 없었지만 친절하시고 좋았어요. 우도에서 식사로 고기를 드시고 싶으시다면 추천합니다. | 2021.08.22.: 전부 맛나요 | 2021.04.26.: 맛은 그냥저냥인데...  제주도에서 고기먹으면 멜젓 속젓인데 여기는 그런거 없어요... 좀 아쉽고 별점 3개짜리는 아닌데 마스크안쓰셔서.. 별하나 뺍니다. | 2021.02.03.: 질좋은 고기! 밑반찬도 다 맛있어서 싹싹 다 먹음ㅎㅎ 우도에서 1박하는데 저녁 먹을데가 없다면 꼭 가보세요! 기분좋은 한 끼 보장! 강력추천합니당!!! | 2020.06.29.: 양 푸짐하고 맛이무척 깔끔해요,일치
제주베이통갈치구이,"해물,생선","월,수,목,금,토,일11:00 ~ 21:00","#안심식당, #건강식, #친목모임, #코스요리, 더보기",정보 없음,정보 없음,정보 없음,1,5.0점,"명:통갈치구이 한상 (2인상), 가격: 88,000 | 명:갈치조림 한상 (2인상), 가격: 88,000 | 명:한우갈비찜 한상 (2인상), 가격: 88,000",2023.12.23.: 갈치에 낚시바늘이..ㅎㅎ 신선하고 부드럽고 넘 맛있어요. 잡채 바로 해 주셔서 넘 맛있고 고사리 밑반찬 다 맛있고 리필도 많이 주시네요. 귤도 후식으로..분위기도 넘 좋아요.,일치
막둥이해녀복순이네,"해물,생선","월,화,목,금,토,일10:00 ~ 17:00",정보 없음,포장가능,정보 없음,"제주해녀가 잡은 싱싱한 해산물로 만든 물회, 성게칼국수, 전복죽을 맛있게 만들었어요~",78,4.3점,"명:추천성게칼국수, 가격: 13,000 | 명:추천해산물물회, 가격: 13,000 | 명:해삼(1접시), 가격: 20,000 | 명:소라(1접시), 가격: 20,000 | 명:성게(1접시), 가격: 30,000 | 명:전복죽, 가격: 13,000 | 명:해산물모듬, 가격: 50,000","2024.08.29.: 완전 로컬 맛집 느낌이었어요!! 성게칼국수 대박대박맛있습니다ㅠㅜ 사장님 완전 친절하세요..❤️ 또 가고싶어요! | 2024.07.22.: 다 그냥저냥 맛있게먹었어요물회보단 칼국수사장님 친절하세요~ | 2024.07.20.: 2년만에 다시 왔어요다시 먹어도 넘 맛나욤 | 2024.06.23.: 여기는 성게칼국수 꼭 시키세요안시키면 후회하십니다성게칼국수 먹는거면 재방문 의사있구요물회는..저도 알고싶지 않았습니다 전반적으로 해산물이 너무 얇게 슬라이스 쳐서 나와서 별로였어요ㅜㅜ | 2024.06.19.: 후기도 많고 좋아서 많은 기대를 하고 방문했는데 물회며 칼국수 등등 메뉴가 기대이상으로 맛있었어요! 가격도 여느 제주 식당처럼 비싼편이 아니고 정말 저렴한 편인데 이정도 퀄리티면 가격 더 올라도 무조건 먹을 것 같아요ㅎㅎ 앞으로도 오래 오래 장사해주세요~ | 2024.06.18.: 예~전에 방문한 뒤로 지금까지 몇 년째 단골입니다ㅎㅎ 언제 방문해도 매번 잘 챙겨주시고 음식 맛도 예나 지금이나 그대로라 너무 좋아요! 제주도 놀러가는 지인이나 친구들한테 항상 추천해주는 맛집인데 방문했던 지인들 모두 항상 만족한다고 해서 뿌듯해요ㅎㅎ 앞으로도 맛있는 음식 잘 부탁드려요~ | 2024.06.14.: 제주 도민이 맛집이라고 추천해줘서 다녀왔는데 맛,서비스,위생,양 전부 기대 이상이네요 시원하고 푸짐한 물회 잘 먹고가요 | 2024.06.13.: 성게칼국수와 전복죽을 먹었는데 특히 성게칼국수가 예술입니다 . 국물도 시원하고 정말 맛있게 먹었어요~^^ | 2024.06.11.: 점심으로 전복죽 먹으러 다녀왔어요 매장 담벼락에 각종 캐리커쳐가 그려져 있어서 처음 방문하시는 분들도 찾기는 쉬우실듯 해녀분이 직접 운영하시는 매장이었고 원산지도 전부 국내산,제주산이라 더 좋았습니다 밑반찬들도 시판이 아닌 사장님이 직접 전부 만드신거라 맛있었어요 전복죽도 생각보다 빠르게 나왔고 나오자마자 진한 내장향이 코를 자극하는데 향이 진짜 좋아요 양도 많고 전복들도 큼지막하게 썰어져 있어서 든든하게 먹고 왔네요 여행 끝나고 내려가는 날에도 방문해서 뜨끈한 전복죽 다시 먹으러 올게요 | 2024.06.10.: 친구가 일전에 와본적 있는데 진짜 찐 맛도리라고 무조건 가야한다고 해서 같이 방문했습니다 해산물 물회랑 성게 칼국수 한 그릇씩 주문해서 먹었는데 물회는 인터넷에서 보던 것보다 훨씬 많은 양의 해산물이 올라가 있어서 보기에도 엄청 푸짐했고 야채랑 회 신선도도 최고라 식감도 끝내줬어요 성게 칼국수 또한 성게가 제법 꽤나 들어가 있어서 국물이 정말 진해서 해장하는 느낌도 들었어요 친구가 왜 이렇게 가자가자 했는지 먹어보니 알겠네요 저도 다음에 남친이랑 놀러오면 재방문 하려구요 | 2024.06.07.: 짱구네 유채꽃 구경 후에 근처에서 식사할 곳 찾다가 방문했어요~ 내부 인테리어가 약간 고즈넉한? 일반 가정집 느낌이라 친근감을 느낄 수 있었습니다 밑반찬이 막 엄청 푸짐하게 나오진 않지만 정갈하게 잘 나와서 이것 또한 집밥 먹는 느낌이라 저는 오히려 좋았네요ㅎㅎ 주문한 해산물 물회 나오자마자 와... 라고 감탄밖에 안한 것 같아요ㅋㅋㅋ 타지에서도 그렇고 제주에서도 그렇고 물회 정말 많이 먹어봤지만 해산물 이렇게 가득 올라져있는 물회는 진짜 인생 살면서 처음이었네요 맛은 일반적인 제주식 물회라 맵지 않고 시원한 맛이 매력적이라 정말 맛있게 먹고왔습니다 제주도 물회 찐 맛집 인정! | 2024.06.06.: 물회 칼국수 반찬까지너무 잘 먹었습니다너무 친절하시고 딸도 이쁘고가기전에 또 갈께요 | 2024.06.05.: 유퀴즈온더블럭에 나왔길래 맛이 궁금해서 가볍게 점심 식사로 성게칼국수 먹고왔습니다. 주문을 하고 시간이 얼마 지나지 않아 바로 나왔고 맑은 국물에 미역과 성게 알이 듬뿍 들어있었습니다. 양은 거진 2인분쯤으로 보일만큼 많았고 맛도 시원하니 성게 알이랑 같이 먹으니 감칠맛이 일품이었습니다. 혼자 방문해서 물회는 못 먹어봤는데 물회도 맛집이라니 조만간 물회도 먹어보러 와야겠습니다. | 2024.06.04.: 제주도 여행 오기 전부터 미리 검색해보고 꼭 방문해야지 했던 식당입니다하쿠아플라넷에서 차로 3분정도 거리에 위치해있고 매장 돌담에 해녀 캐릭터가 있어서초행길이신 분들도 쉽게 찾으실 수 있으실듯 해요주차는 식당 바로 옆이나 갓길에도 가능하시니 참고하시면 돼요매장 느낌은 노포 느낌이라 친숙하면서 저한테는 괜찮았어요저희는 점심으로 해산물 물회만 주문했었고 주문 하자마자 밑반찬들 세팅해주시는데배추김치 숙성 잘되서 감칠맛 대박👍해산물 물회는 메뉴 명에 맞게 해산물이 정~말 가득 담아져 있었고육수도 새콤하니 시원한게 요즘처럼 더운 낮에 먹기 딱 좋은 메뉴였네요마무리로 공기밥까지 말아서 먹으니 가볍게 먹으려던 점심이었는데 양이 많아서 정말 배부르게 먹고왔어요제주 여행 끝나기 전에 또 한 번 방문할 생각이에요 | 2024.06.03.: 제주도 온 김에 해산물은 꼭 먹고 가야할 것 같아 방문했어요내부 분위기는 제주도 로컬 느낌을 물씬 느낄 수 있는 분위기라 정겨웠습니다셀프바에 있는 반찬들도 전체적으로 괜찮았고 특히 나물류들이 정말 맛있었어요해산물도 4종류 나오는데 양이 너무 적거나 너무 많지 않아서 적당하니 괜찮았습니다조금 든든한 느낌이 필요해 추가 주문한 전복죽 이게 진짜 별미에요정말 진하고 양도 많은데 가격은 또 가성비있어서 방문하신 분들은 전복죽은꼭 드셔보시는거 추천드립니다 배불러서 칼국수는 못 먹고 왔지만 다음에 재방문하면 칼국수도 먹어볼 예정입니다 | 2024.05.30.: 전복죽 꼬숩고 양도 정말 푸짐합니다 배가 불러서 남은 음식 포장 부탁드렸더니 친절하게 포장해주셔서 집에 와서도 맛있게 먹었어요 알고보니 유재석님도 왔다갔다고 하던데 얼마나 맛집인지 알겠네요 | 2024.05.29.: 물회 양 실화...? 안에 들어가있는 해삼,성게,소라,미역 등등 전부 신선해서 한 입 넣자마자 극락 체험하고 왔네요ㅋㅋㅋㅋ 물회임에도 불구하고 밑반찬도 잘 나오는 편이에요! 혼밥 자주 하는 편인데 혼밥하기 분위기 좋아서 앞으로도 자주 올듯 | 2024.05.28.: 개인적으로 정말 자주 방문할 정도로 제주에서 손꼽는 맛집 중에 한 곳입니다. 다양한 메뉴를 먹어봤지만 이 집처럼 전체적으로 깔끔하고 맛있는 곳은 보질 못했네요. 오늘도 맛있게 잘 먹고갑니다. | 2024.05.27.: 최애 칼국수맛집 발견했네요ㅋㅋ 바지락이나 다른 칼국수는 많이 먹어봤지만 성게 칼국수는 처음이라 어떨까 싶었는데 먹어보니까 국물부터 면까지 완전 색다른 맛이라 놀랐어요 같이 방문한 가족들도 정말 맛있다고해서 내일 점심은 물회도 먹어보러 올 예정이에요ㅎㅎ | 2024.05.25.: 4명이서 물회먹는데 양푼이에 한 번에 나옴..성게, 전복, 소라가 얼마나 아까웠으면.. 얇게 썰어서 많아보이게 토핑함주메뉴가 시원찮아 밑반찬 더 달라고 몇번씩 말함 | 2024.05.24.: 자극적이지 않은 건강한 물회맛. 기호에 따라 식초 추가는 선택. 친절하시고 반찬도 깔끔. | 2024.05.24.: 요즘 날도 덥고 시원한게 땡겨서 물회 먹고 왔는데 진짜 시원하니 맛있었어요! 다른 매장 보면 회는 별로 없고 채소만 많은데 여기는 회랑 야채 비율도 딱 맞아서 양도 푸짐하니 좋았습니다ㅎㅎ 해산물 별로 안좋아하는 남치니도 맛있다고 극찬하네요ㅋㅋㅋ 재방문의사 무조건 있음! | 2024.05.22.: 날이 갑자기 더워지기 시작해서 물회가 막 땡겼는데 너무 맛있어요 양도 푸짐하고 해산물들도 가득 들어가있어요 !식감도 최고에요 !! | 2024.05.21.: 물회가 이렇게 맛있는지 처음 알았네요. 가격은 싼데 들어간 재료가 너무 알차요. 제주도 갈때 여기는 꼭 와야겠어요. 맛있게 잘 먹고 갑니다~ | 2024.05.20.: 제주도오면 역시 해산물을 먹어줘야죠ㅎㅎ 신선하고 비린내가 하나도 안나네요. 물회가 양도 많고 제 입맛에 딱 맞아요. 식당 정말 잘 선택한 것 같아요👍👍 | 2024.04.22.:  | 2024.02.13.: 비주얼은 물회가 맞는데겨울에 가서 그런지 물회보다는 얼음회에  가까웠어요. 소라와 해삼이 작은 알갱이 얼음에붙어 있었고, 개인적으로 달고 맵고 신맛에 길들어진 제 입맛에는 영...하지만 슴슴한 물회를 선호하시는 분들은 입맛에 맞을 수 있겠다는 생각도 하네요. 다만 댓글에 맛평에 대한 호불호가 극명하게 갈리는 것으로 볼 때 언젠가는 제 입맛에 맞을 때도 있겠죠. | 2024.01.29.: 밑에분 리뷰 너무 너무 공감이요,,물회는 별로였구요 성게 칼국수는 먹을만 합니다 | 2023.11.24.: 해녀분이 직접 잡아 싱싱한 해산물을 먹을 수 있었어요.자연산 해산물 치고 가격도 비싸지 않고 싱싱하니 맛있게 잘 먹었습니다재방문할게요 | 2023.08.10.: 성게칼국수라니~ 최고입니다!싹싹 긁어먹음 | 2023.08.01.: 제주에서 드물게 저렴하고 맛있는 집이예요.다시 방문의사 백퍼입니다.성게 칼국수, 해물물회 전부 만족합니다 | 2023.07.09.: 별점1도 아깝고, 블로거들에 속지 마세요. 물회에 해산물 넘 없어 제주는 이런가 대실망. 성의없는 반찬들. | 2023.05.21.: 허영만 유키즈 믿고 갔는데 2인분 칼국수에 미역 조금 성게 손가락 한마디만큼 들어있고 2인분 물회도 전복 소라 조금 들어서 오이냉국 같았음 부모님과 같이 갔다가 돈은 돈대로 썼는데 죄송했음 | 2023.04.02.:  | 2023.03.04.: 성게칼국수 ㅈㅁㅌ | 2023.02.10.: 제주도 맛집들이 너무 상업화되었는데 이집은 정말 현지 맛집같은 인심과 손맛이 남아 있는 곳이예요. 성게칼국수는 국물이 마약이네요. 계속 마셨어요. 해삼이 이렇게 달고 맛있는 건 정말 드물어요. | 2023.01.23.: 물회 초장에 물탄맛 소라,전복 유심히 찾아봐야먹을 수 있어요 가족여행으로 간거였는데 가족들한테 미안했어요 | 2022.12.06.: 221112 성게알칼국수 먹었어요추운 날 먹어서 그런지 배로 맛있는 느낌!김치도 반찬도 맛있고 고추 다져서 넣어 먹으니 국물도 더 칼칼시원🤤 | 2022.09.18.: 맛있었어요! | 2022.07.28.: 빛의벙커 가려고 들린 곳. 모든 재료가 제주산이고 국내산입니다. 반찬도 다 맛있어요. 할망들도 슴슴하니 있는듯 없는듯 서빙하셔요. 그런데 유퀴즈, 허영만에 나온 곳이라 기대가 컸는데, 물회는 아주 특별하진 않았어요. 소라가 많았.. 방송탄 성게 칼국수를 먹을 걸 그랬나 조금 후회했어요. 물회는 2인이상 주문 가능입니다. | 2022.06.10.: 물회랑 칼국수 해삼한접시 먹었어요맛있어요 최고 제주제주함 | 2022.05.14.: 5시 좀 넘어서 도착했는데5시에 마감이라고 돌려보내네요...5시에 마감하는 식당은 제주도 와서 처음 경험했습니다. | 2022.04.19.: 물회 새콤 시원하고, 반찬들도 다 깨끗하고 맛깔나요. 고사리 너무 맛있어서 어떻게 하셨는지 물어보니 자세히 설명해주셨어요. 후기가 극과 극이었는데 전 좋았어요! | 2022.03.22.: 별하나도 아까워요~ㅜㅜ재료도 너무 아껴서 해물찾아보기 힘들구요~서비스는 바라지도 않으니 대답이나 좀 해주셨으면 좋겠네요~ | 2021.10.11.: 울 아카챵까정 뿔소라를 맛나게 춉춉하는 맛집맛이 아주그냥 구리굴희춉탱귤희맛탱굴희 뛰어난 맛즵오븨먖집 다음에 또 온당 내철험 맛나게 먹은사람 소뤼질뢋~쎄이호오 쎄이막뜡 막뜡!!!ㄷㄷㄷ | 2021.09.24.: 숨은 맛집 | 2021.08.28.: 전복죽, 성게칼국수, 물회 먹었는데 너무 맛있어요!! | 2021.08.22.: 여자직원분? 사장님은 아니셨는데 넘 친절하게 대해주셨어요,,,, 5시쯤에 문닫는다고 파김치 맛있다고 하니까 조금 챙겨주셔서 감사했습니다 늦은 점심이였는데 맛있게 잘 먹고 갑니다 큰 대접에 2인분 양이 함께 나옵니다 12,000원 물회 가격도 마음이드네요 소면도 사이드로 주문할수 있으면 더 좋을것 같아요Photo by br | 2021.03.30.: 물회 시켰는데...물회가 네맛도 내맛도 아니네요. 신선한건 맞고 밑반찬도 맛있는데 딱히 생선이 안들어가서 그런지 깊은 맛이나 씹히는 맛도 없구요 후기에 단짠물회라는데 진짜 아무맛도 안나요. 추천 받고 후기들보고 너무 맛있대서 갔는데 객관적인 후기도 필요할거같아서 올립니다 | 2021.03.25.: 신선하고 맛있네요 | 2021.02.23.: 제주도만의 특색있는 물회!! 정말 너무 맛있게 먹었습니다...ㅠㅠ 성게 전복 등등 너무 신선하고.. 제가 비린 건 잘 못먹는데 하나도 안비리고 정말 찰떡꿍!!! 사랑합니다...ㅠㅠ | 2021.02.23.: 양도 많고 완전 신선해서 너무 좋았어요!! 꼭 들르시길 추천해요:) | 2020.12.31.:  | 2020.12.08.: 된장 베이스로 한 제주식 물회를 맛볼수있는 곳. 초장으로 새콤달콤한 육지식 물회와 달리, 간이 슴슴해서 먹을수록 질리지않고 땡기는 맛임.성게칼국수도 성게를 두종류를 넣어 끓이셔서 맛이 깔끔하고 시원함. 해산물 선도와 들어가는 양 따지면 가성비도 괜찮음. | 2020.10.22.: 성게칼국수 먹었습니다비리지 않다는 사장님 말씀 믿고 주문했는데 너무 비리더라구요..반찬들도 비린맛을 잡아줄 반찬이 하나도 없어 조심스레 김치를 부탁드렸고 김치 덕에 그나마 조금 먹었네요..반찬이나 재료는 신선하지만 비린거 못드시는 사람한텐 비추하는 식당입니다. | 2020.08.10.: 그냥괜찮아요~^^ | 2020.08.09.: 1. 바다향 가득한 칼국수2. 기분 좋은 단짠 물회신선한 성게, 소라 좋아요! | 2020.08.06.: 후기를 쓰려면 어느 정도들 써야지 정말 너무들 하네요. 성게칼국수 만원이라니요. 맛은 정말 개떡이네요. 물회도 완전 맹탕에다.ㅠㅠ생전 후기 첨 쓰는데... 이래서 sns 문제 많아요. | 2020.07.25.:  | 2020.07.22.: 초장맛이 아니고 찐 바다의 맛 | 2020.07.06.: 어멍 사랑해염!!!! 물회에 전복이랑 소라가득!! 일반회는없어서 소면도없구 회물회좋아하시는분들은 싫어할수도ㅠㅠㅠㅠ 저흰 성게시켜서 밥에 참기름 슥해서 비벼먹고 물회에도 더올려먹엇어요 순삭! | 2020.05.06.: 백반기행 물회,성게칼국수,우럭조림 | 2020.05.04.: 혼자가서 2인분 이상 시켜야되는 물회는 못먹었지만 성게칼국수도 맛있었어요! 바다의 맛ㅎㅎ 다음엔 꼭 둘이 올게요~ | 2020.05.01.: 4시가 라스트 오더래요.근데 5시에 도착 ㅋ숙소에서 1.5시간 거리라서포기할수없어서 ㅜㅜ5만원짜리 모듬 해물 포장해왔어요.성게알, 문어, 소라회, 해삼 구성이었고진짜 알차고 양도 많았어요 ㅎ서비스 미역 짱맛두명 배터지게 먹고남은거 다넣어서 해물라면 끓였네요.제주오면 또 갈거예요^^ | 2020.04.30.: 계속와서 먹어볼만한 집입니다.완전강추!! | 2020.04.29.: 성게 칼국수 정말 맛있게 먹었어요. 주변 분들은 물회 드시던데 다음엔 물회 먹으러 가려고요. | 2020.04.28.: 성게알 뿔소라 전복 알차게 들어간 물회간도 삼삼해서 재료 본연의 맛 알차게 느꼈습니다 | 2020.02.05.: 정말 너무너무 맛있었어요 물회에 공깃밥 말아먹으면 최고! | 2020.02.03.: 성게 칼국수랑 물회 맛있어요.특히 성게 칼국수는 비릴 줄 알았는데 담백하고 너무 맛있어요☺️ | 2020.01.20.: 성게칼국수 정말 하나도 안 비리고 성게도 많이 들어있어요!! 면에서 밀가루 냄새도 안나요. 깔끔한 맛! 오늘 첫 손님이라고 물회에 해산물도 더 많이 넣어주셨어요. 가게 깔끔하고 너무 좋아요.앞에 갓길 주차하면 돼요! | 2020.01.14.: 정말 제주도 맛집중에 최고!!! | 2020.01.11.: 성게칼국수 엄청푸짐합니다 이가격에 절대못먹을맛이에요!!!! 국물까지탈탈털어먹엇습니다",일치
본죽앤비빔밥 제주법원점,본죽,"월,화,수,목,금,일09:00 ~ 19:50","#제로페이, 더보기",정보 없음,정보 없음,정보 없음,6,2.5점,"명:단호박죽, 가격: 10,500 | 명:낙지김치죽, 가격: 11,000 | 명:삼계죽, 가격: 12,000 | 명:전복죽, 가격: 13,000 | 명:쇠고기야채죽, 가격: 11,500 | 명:신짬뽕죽, 가격: 11,500 | 명:새우죽, 가격: 9,500 | 명:매생이굴죽, 가격: 11,500 | 명:단팥죽, 가격: 10,500 | 명:녹두죽, 가격: 9,000","2023.11.17.: 죽맛은 그런대론데 알바생인지 엄청 불친절해 다신 안 가고싶은 매장입니다. | 2023.10.03.:  | 2023.01.01.:  | 2022.07.04.: 마싯쒀요.. 반찬도 낭낭하게 주고 친절하셔서 좋아용 | 2022.02.23.: 어제 전복죽을 주문해서 먹었는데  이게죽인지  물에말았는지 이런전복죽  처음먹었봐네요 좋은경험 했네요 | 2021.10.20.: 사장님이 알바 지원자에 대한 예의가 없으신 듯해요 ^^ 저는 지원자이지 해당 매장 알바생이 아닌데 면접 보기도 전에 본인 매장 알바생 대하듯 하는 말투가 너무 기분 나빴어요 ^^ 갑자기 오전 중으로 오라 해서 급하게 준비하고 면접 보러 갔는데 심지어 사장님은 병원 갔다고 하고 다른 알바분께서 대신 면접 진행하셨어요 ^^ 그러곤 한 시간쯤 뒤 다른 알바생 구하시고서 온 문자가 ""구했어요"" 딱 이 네 글자네요 알바 면접자이기 전에 소비자라는 걸 인지하고 계셨으면 좋겠어요 본죽 법원점 배민으로 애용했었는데 이번 일을 계기로 믿고 거릅니다",일치
플로우스,이탈리안,"월,수,목,금,토,일11:00 ~ 24:00 | 월,수,목,금,토,일 휴게시간15:00 ~ 18:00","#비스트로, #코스요리, 더보기",정보 없음,정보 없음,정보 없음,11,3.9점,정보 없음,"2024.08.02.: 호불호는 있겠네.. 난 호호호 | 2024.06.10.:  | 2024.04.01.: 코스요리 스테이크 파스타Ambiente curato ed originale. Ampia selezione di vini, ma è possibile ordinare anche solo un calice. Antipasto con bocconcini di maiale, funghi e prezzemolo. Filetto di maiale con salsa di pomodoro e origano. Pasta al ragù e dessert. Tutto ottimo! Ho trovato un'ottima qualità della materia prima e pasta perfetta! Consigliatissimo per chi vuole trovare un po' di Italia con una leggera interpretazione coreana. Ambiente accogliente, atmosfera amichevole ed elegante ma non pretenziosa, ottima musica. | 2024.01.21.: 절반도 못먹고 스스로 나왔어요. 손님이 저희만 있었기에 사장님도 기억하실듯 합니다... 급한 일 생겼다 둘러대고 나왔지만 사실 음식이 너무 입에 맞지 않았습니다. 어머니와 기분내려고 한달넘게 전에 예약하고 갔어요. 가게도 예쁘고 사장님도 불친절하시진 않은데... 솔직히 너무 먹기 힘들었어요. 수제치아바타란 빵은 갓 구워주신 걸텐데 메말라 질겼고, 버터와 오일은 풍미가 전혀 느껴지지 않았습니다. 제가 직접 본것도 아니니 재료가 오래됐다거나 조리를 소홀히 했다거나 한 부분을 멋대로 짐작하고 지적할 순 없겠지만요... 샐러드에 그린야채 딱 한종류, 갈은 치즈 조금만 뿌려진건 뜨악했네요. 예약때 선결제했어서(필수), 메인코스까지 참아보려했는데, 메인 딱 한입 먹자마자 그냥 일어났어요. 육질과 향에 대해선 그외에 더 긴말 하지 않겠습니다. 그 요리가 정말 소중한 분들께 자신있게 대접할수 있는 맛인지 부디 정직하게 되짚어보시고, 그래도 결론이 나지 않으시면 직언해줄수 있는 요리 좀 아시는 분들께 진솔하게 조언 받아보셨으면 해요.원래 38000원짜리 오마카세면 이정도 퀄리티는 참고 먹는게 제주도에선 보편적인 건가요? 양이 많거나 가짓수가 다양한걸 기대한건 아닙니다. 단 한가지 음식이라도 기분좋게 먹으며 즐거운 시간 보내고 싶었는데... 그럴 수 없었던게 너무 속상하고 한편으로는 상처도 되는 경험이었어요.어떻게든 저를 봐서 꾸역꾸역 참고 드시려는 어머니께 너무 민망하고 죄송하더군요. 환불도 없이 황급히 나온 심경을 생각해보시고 요리와 운영에 있어 깊은 고민을 해보셨으면 합니다. | 2023.05.09.:  | 2023.02.24.:  | 2023.01.02.: 저녁코스로 먹었는데...플레이팅 심난하고 요리를 한쪽에 쏠리게 담는건...머죠 컨셉이라기엔뇨끼는 밀가루맛이 나고 쫀득이 아니라 딴딴이었어요 좀 더 익혀야할듯주방에서 바로 나오는 요리들인데도 따뜻하지 않은것도 아쉽네요디저트 초코는 모양을 잘 잡아서 굳히면 될 것 같은데대충 잘라서 덩그러니 내오니 맛을 다 깎아먹습니다. | 2022.12.04.: 이태리 정통 음식으로 힐링한 곳. 이태리 가정식 같은 맛에 깜짝 놀람 ㅎ  매일 먹고 싶은 맛. 새로운 메뉴로 일주일 됐다는 뷔페라는데 프레스티지 라운지 느낌. 와인 3병 마심ㅋㅋ 인테리어도 좋았음^^ | 2022.02.21.:  | 2022.02.10.: 최고의 디저트 누텔라 폭탄으로 사람을 행복하게 만든는곳 | 2021.10.21.: 더본호텔에서 산책하다 가본곳.멀리 바다가 보이는 뷰.잔잔하면서 독특한음악.직접 그린듯한 그림들.나름 독특한 분위기에 멍때리다 갑니다.진한 에소프레소 맛있었어요.시그니처메뉴 카카오반죽은 좀 이상했어요 ㅎ그거대신 롤리폴리같은거 올려주면 좋을것 같아요.",일치
데드맨스 케이,칵테일바,매일18:00 ~ 01:00,"#소개팅, #앤틱한, #위스키바, #칵테일바, #혼술, 더보기",정보 없음,정보 없음,정보 없음,8,5.0점,"명: 명:데드맨스 케이, 가격: 정보 없음",2024.09.25.: 굳 | 2024.05.05.:  | 2024.04.03.: 애월의 해안도로를 따라 달리다보면가문동포구의 멋진 야경이 눈에 띄는데요이 분위기 이어서 데이트하기 좋은 칵테일바에요 | 2024.02.16.: 사장님께서 친절하게 위스키 한잔한잔 설명해주셔서 배움이되는 자리였습니다! | 2023.10.19.: 분위기 체고 음식이 미쳤어요….🥹 | 2023.09.05.:  | 2023.08.11.: 제주오면 꼭 가세요두번 가세요일단 칵테일이 진심 맛있습니다상주고싶어요그리고 밑에 고깃집도 코스로 가면 좋습니당 | 2023.06.02.: 폼 미쳤다진짜 여긴 개강추,일치
제주연탄길,"육류,고기",매일11:00 ~ 23:00,"#안심식당, #공항근처점심, #공항근처흑돼지, #노형동흑돼지, #수목원흑돼지, #제주공항흑돼지, #노포, #레트로풍, #빈티지분위기, #점심특선, #회식장소, #제로페이, 더보기","예약가능, 배달불가, 포장불가","WIFI, 동물출입금지, 주차, 휠체어사용, 놀이방, 흡연실시설 없음",최고의 흑돼지와 순두부 막국수를 즐길수있는 제주연탄길입니다,0,정보 없음,"명:흑돼지모듬, 가격: 109,000 | 명:제주흑오겹, 가격: 22,000 | 명:제주흑목살, 가격: 22,000 | 명:흑가브리살, 가격: 22,000 | 명:흑항정살, 가격: 22,000 | 명:백돼지모듬, 가격: 99,000 | 명:제주오겹, 가격: 20,000 | 명:제주목살, 가격: 20,000 | 명:가브리살, 가격: 21,000 | 명:항정살, 가격: 21,000 | 명:김치찌개, 가격: 8,000 | 명:카레순두부, 가격: 9,000 | 명:순두부, 가격: 8,000 | 명:막국수, 가격: 8,000 | 명:어린이돈가스, 가격: 8,000 | 명:흑오겹(200g), 가격: 22,000 | 명:흑목살(200g), 가격: 22,000 | 명:생갈비, 가격: 22,000 | 명:모듬치즈, 가격: 15,000 | 명:메론샤베트, 가격: 10,000",정보 없음,일치
